{
  "name": "slick-carousel",
  "main": [
    "slick/slick.min.js",
    "slick/slick.css"
  ],
  "version": "1.3.15",
  "homepage": "https://github.com/kenwheeler/slick",
  "authors": [
    "Ken Wheeler <ken_wheeler@me.com>"
  ],
  "description": "the last carousel you'll ever need",
  "keywords": [
    "responsive",
    "carousel",
    "jquery"
  ],
  "license": "MIT",
  "ignore": [
    "**/.*",
    "node_modules",
    "bower_components",
    "test",
    "tests",
    "index.html"
  ],
  "dependencies": {
    "jquery": ">=1.7"
  },
  "_release": "1.3.15",
  "_resolution": {
    "type": "version",
    "tag": "1.3.15",
    "commit": "ef16dc13ebdd0d0a8776b24c5cf19b3178d0e879"
  },
  "_source": "git://github.com/kenwheeler/slick.git",
  "_target": "~1.3.15",
  "_originalSource": "slick.js"
}